New York,Santiago de los Caballeros
Boston,Detroit
New York,Buffalo
Philadelphia,Boston
Atlanta,Boston
Phoenix,Cancun
Washington,Orl
New York,Sacramento
West Palm Beach,New York
New York JFK,Los Angeles
Salt Lake City,Bogot√°
Boston,Los Angeles
San Juan,Ft. Lauderdale
New York,Los Angeles
Bradley Intl,Tampa
Seattle,Anchorage
New Orleans,New York
Worcester,Orl
Aruba,New York JFK
San Francisco,San Juan PR
New York JFK,Orl
Mexico City,New York
Worcester,Fort Lauderdale
Boston,Atlanta
Puerto Rico,Austin
Westchester,Orl
Ft Lauderdale,Port Au Prince
New York,New Orleans
Fort Lauderdale,New York JFK
Philadelphia,Fort Lauderdale
Los Angeles,New York JFK
Raleigh,Boston
New York,Puerto Plata
New York,Kingston
Las Vegas,Long Beach
Boston,Philadelphia
Ft Lauderdale,Raleigh Durham
New York,New Orleans
Boston,Dallas
LaGuardia,Orl
New York,Cancun
Atlanta,Boston
Boston,New York
New York (JFK),Boston
Rochester,New York (JFK)
Punta Cana,New York
Hartford,San Jose
Salt Lake City,New York
Fort Lauderdale,Atlanta
Boston,Rochester
Ft Lauderdale,San Francisco
Syracuse,Orl
Boston,Raleigh
New York,Charlotte
Ft Lauderdale,Holguin
Fort Lauderdale,New York
Phoenix,Ft Lauderdale
Buffalo,Atlanta
Quito,Minneapolis
Reno,Long Beach
Medellin,Boston
Atlanta,New York
Buffalo,Fort Lauderdale
Newark,Boston
Boston,Puerto Rico
New York,Punta Cana
New York,Atlanta
Boston,San Francisco
Chicago,Boston
Newark,Ft Lauderdale
Ft Lauderdale,Atlanta
San Juan,Fort Lauderdale
Philadelphia,Boston
Long Beach,Salt Lake City
Fort Lauderdale,Newark
Phoenix,Boston
Boston,West Palm Beach
Austin,Ft Lauderdale
New York,Boston
Aruba,New York
Hartford,Fort Myers
New York,Memphis
Fort Lauderdale,Nashville
New York,Fort Lauderdale
Puerto Plata,Boston
Boston,Fort Lauderdale
Los Angeles,Orl
New York,Charlotte
Ft Myers,New York JFK
Washington,Fort Lauderdale
Fort Lauderdale,Newark
New York,Atlanta
Boston,Phoenix
Port of Spain,New York JFK
Salt Lake City,new York JFK
Jacksonville,New York
Fort Lauderdale,Newark
Boston,Detroit
New York,Santiago
Punta Cana,Fort Lauderdale
Westchester,Fort Lauderdale
Boston,Ft Myers
Baltimore,Boston
Boston,Ft Myers
Syracuse,San Francisco
New York,Santo Domingo
San Jose,Boston
Buffalo,Orl
Salt Lake City,Nassau
Baltimore,Boston
New York JFK,Seattle
New York,Syracuse
Syracuse,Bridgetown
New York,Las Vegas
Fort Lauderdale,Richmond
Detroit,Fort Lauderdale
New York,Jacksonville
Chicago,Fort Lauderdale
Havana,Atlanta
San Diego,Boston
SLC,LGB
Ft Lauderdale,Richmond
Ft Lauderdale,Newark
New York JFK,Saint Martin
Hartford,Tampa
Boston,Tampa
Boston,San Francisco
Santiago,Newark
Philadelphia,Fort Lauderdale
Newark,Boston
New York JFK,Turks
Boston,New York
New York JFK,Montego Bay
Boston,Fort Lauderdale
New York JFK,Burlington
Boston,Newark
Boston,Jacksonville
Salt Lake City,Raleigh-Durham
Santiago de los Caballeros,New York
Nassau,New York JFK
Tampa,Westchester
Jacksonville,Boston
Salt Lake City,Boston
Santo Domingo,Fort-Lauderdale
Fort Lauderdale,Havana
Charleston,Boston
Boston,Aruba
Boston,Detroit
San Francisco,Boston
Boston,Ft Lauderdale
New York JFK,Portl
New York JFK,Boston
Long Beach,Las Vegas
Newark,Orl
Fort Lauderdale,Medellin
New York,Jacksonville
Cancun,New York
Ft Lauderdale,Albany
Nashville,Boston
New York,Phoenix
Philadelphia,Boston
Newark,Fort Lauderdale
Washington,Charleston
Charlotte,Portl
Nassau,Fort Lauderdale
Santo Domingo,San Juan
New York,Sarasota
Fort Lauderdale,New York JFK
New York,Jacksonville
Houston,Boston
Punta Cana,Boston
Atlanta,Boston
Atlanta,Boston
Richmond,Tampa
New York,Los Angeles
Charlotte,New York
Fort Lauderdale,Los Angeles
Aruba,Boston
Westchester,Tampa
Denver,Boaton
Boston,West Palm Beach
New York,Barbados
Newark,Boston
New York,West Palm Beach
Newark,Orl
Boston,Atlanta
Sacramento,New York JFK
Boston,PIT
New York,Las Vegas
Ft Lauderdale,Cancun
Fort Lauderdale,Newark
Boston,Fort Laudardale
Washington DC,Jacksonville
Minneapolis,Boston
Atlanta,Boston
Nashville,Fort Lauderdale
Chicago,New York
Washington,Fort Lauderdale
Boston,San Diego
Washington,Boston
Fort Lauderdale,Salt Lake City
Aruba,Detroit
Long Beach,Las Vegas
Ft Lauderdale,Quito
Port of Spain,New York
Denver,Boston
Houston,New York JFK
Hartford,Fort Lauderdale
Ft Lauderdale,Punta Cana
San Francisco,Jacksonville
Detroit,Fort Lauderdale
Richmond,Ft. Lauderdale
New York JFK,Antigua
New York JFK,Orl
Detroit,Fort Lauderdale
Washington DC,Fort Lauderdale
Detroit,Boston
Newark,Tampa
Charleston,Boston
Fort Lauderdale,Las Vegas
Chicago,Boston
Ft. Lauderdale,Boston
Philadelphia,Fort Lauderdale
Providenciales,Washington
Fort Lauderdale,Jacksonville
Boston,Houston
Fort Lauderdale,Barbados
Salt Lake City,Orl
Ft Lauderdale,Chicago
"Newark, NJ","Boston, MA"
San Francisco,New York
Fort Lauderdale,Baltimore Washington
Seattle,Charleston
West Palm Beach,"Westchester County, New York"
Fort Lauderdale,Raleigh Durham
Ft Lauderdale,Nassau
Santo Domingo,Newark
Fort Lauderdale,Raleigh Durham
New York,Puerto Plata
Boston,Buffalo
Washington Dulles,Boston
New York,Mexico City
Lima,Boston
San Francisco,New York
Hartford,Fort Myers
Las Vegas,Long Beach
Philadelphia,Fort Lauderdale
Sacramento,Long Beach
Charlotte,New York
Boston,Atlanta
Long Beach,Los Vegas
New York JFK,Montego Bay
New York JFK,Austin
Fort Lauderdale,"Hartford, Connecticut"
San Francisco,New York JFK
New York,San Francisco
San Francisco,New York JFK
Washington,Charleston
Raleigh/Durham,Bridgetown
New York,Montego Bay
New York,Los Angeles
New York,San Diego
Fort Lauderdale,Kingston
Ft. Lauderdale,Nassau
New York JFK,Antigua
San Francisco,Las Vegas
New York JFK,Denver
Detroit,Fort Lauderdale
New York JFK,Syracuse
Chicago,New York JFK
Boston,Clevel
Raleigh-Durham,Boston
Boston,Baltimore
Fort Lauderdale,Nassau
San Jose,Orl
St Thomas,Orl
Fort Lauderdale,Lima
Cancun,Boston
Richmond,Punta Cana
Providence,Orl
Fort Lauderdale,Clevel
New York JFK,Orl
Ft Lauderdale,Boston
Chicago,Boston
Port au Prince,Pittsburgh
New York,Ft Lauderdale
Bogota,Fort Lauderdale
New York,Fort Lauderdale
New York,Seattle
Boston,Washington
Fort Lauderdale,Medellin
Washington,Boston
Raleigh,Montego Bay
Boston,Philedelphia
New York,Seattle
New York,Seattle
Long Beach,Austin
Boston,Nantucket
Daytona Beach,New York
New York,Buffalo
Chicago O'Hare,Vermont
Fort Lauderdale,Detroit
Long Beach,Las Vegas
San Jose,Boston
Burlington,Seattle
Boston,Philadelphia
Boston,Fort Myers
Fort Lauderdale,Las Vegas
Santo Domingo,New York JFK
New York,Jacksonville
Charlotte,Boston
Austin,Syracuse
New York JFK,Washington
Los Angeles,New York
Tampa,Hartford
New York JFK,Los Angeles
Fort Lauderdale,San Jose
Boston,New York
New York,Las Vegas
Detroit,Ft Lauderdale
New York,Fort Lauderdale
Philadelphia,Fort Lauderdale
Las Vegas,New York
Boston,New York JFK
Salt Lake City,New York
Charleston,Fort Lauderdale
New York JFK,Los Angeles
New York JFK,Charleston
Austin,New York
Rochester,Albuquerque
West Palm Beach,New York JFK
Los Angeles,New York
BWI,MCO
PBI,HPN
Burlington,Washington
Chicago,New York JFK
Phoenix,Boston
San Juan,New York JFK
Hartford,Orl
Boston,San Francisco
ORD,NAS
BOS,MCO
SFO,JFK
MCO,JFK
LGA,FLL
FLL,MSY
FLL,MSY
JFK,STI
RNO,BTV
MCO,BOS
RNO,LGB
BOS,LGA
SJO,MCO
FLL,CLE
JFK,FLL
SYR,FLL
BOS,LAS
JFK,MCO
EWR,BOS
JFK,MSY
JFK,MCO
MCO,SLC
STX,SJU
FLL,NAS
JFK,LAX
BOS,LAX
DEN,BOS
JFK,JAX
SLC,POP
FLL,DTW
BOS,LGB
JFK,PUJ
DTW,FLL
BOS,SEA
IAD,NAS
SFO,JFK
LAX,BOS
TPA,DCA
JFK,MCO
FLL,NAS
MCO,SJU
JFK,BGI
LAX,JFK
JFK,SDQ
JAX,JFK
LAX,FLL
ABQ,JFK
IAD,JFK
LAS,BOS
BOS,RDU
PBI,EWR
JFK,SEA
SLC,LGB
RSW,BOS
ROC,JFK
JFK,SFO
DSM,ORD
BOS,DTW
JFK,SDQ
SFO,BOS
DCA,JAX
RSW,EWR
JFK,FLL
SJU,ORH
BWI,BOS
FLL,DCA
PHX,JFK
BUR,RDU
IAD,JFK
RDU,JFK
NAS,FLL
JFK,SFO
FLL,DTW
BUF,BOS
JFK,IAD
FLL,CLE
ABQ,JFK
BUF,JFK
New York,Syracuse
Aruba,New York
JFK,LAX
BOS,DCA
LGB,LAS
PDX,JFK
Puerto Plata,San Diego
New York,Nassau
FLL,LAS
JFK,LAX
New York JFK,Grenada
Washington-Reagan,Boston
New York,Aruba
SFO,LVG
New York,Las Vegas
Chicago,San Juan
BOS,SJU
LAX,FLL
Boston,Oakl
JFK,LAX
DEN,BOS
AUA,JFK
LGA,FLL
Seattle,New York
New York JFK,PDX
LGB,ANC
Lima,Newark
FLL,PIT
Boston,San Francisco
Boston,San Diego
BOS,NAS
Seattle,Anchorage
Las Vegas,JFK
MCO,JFK
NYC,Buffalo
JFK,Puerto Rico
BOS,LGB
JAX,JFK
MSY,BOS
Long Beach,Seattle
Hartford,Tampa
RDU,FLL
Raleigh-Durham,Las Vegas
